name,surname,country,city,balance,password,email
Danielle,Johnson,Germany,Johnberg,12.72,s&J1VP@xa+,helenpeterson@lewis.com
Christopher,Davis,Belgium,Cassandraton,4520.28,y+S7Rpde$4,xreid@gmail.com
Mitchell,Clark,Italy,Jacquelineland,14597.66,6)7u2Rxi%m,jason76@ellis.net
Amber,Burgess,Germany,Hurstfurt,11605.1,3qp+EcWG^M,daniel62@yahoo.com
Aaron,Bowen,France,Teresaburgh,110.84,o(21UjutWO,nataliearroyo@dennis.net
Katie,Anderson,Spain,Arroyoburgh,4269.55,%8hTenbFsL,adrianzimmerman@perez.com
Chad,Young,France,Lewisberg,11005.52,+9I&aSpp%a,jamesherrera@henderson.info
John,Leblanc,Switzerland,Mortonside,4019.03,nxuo0NUr@G,jamesrobinson@gmail.com
Beth,Daniels,Belgium,Brianshire,16093.32,*Qo^^pfvU8,james53@yahoo.com
Randy,Powers,France,Stephenland,15055.55,s^37TrrF!7,mcmillandennis@gmail.com
Pamela,Newton,Italy,West Juan,13811.86,Y75sG&Jv$j,rodriguezsierra@hotmail.com
Rebecca,Gardner,Netherlands,Brandiberg,5196.36,Ev2BEcjET&,jillcook@pham-shields.com
Joseph,Cobb,Spain,South Monicafort,19122.87,3k4@2Olx$Z,gregory40@carlson.com
Samuel,Joyce,Netherlands,South Rachelborough,1595.31,!0RfWnE^%C,snguyen@yahoo.com
Angela,Lee,Switzerland,Byrdburgh,1482.69,S9JJmaMK)N,cardenaskaren@hotmail.com
Lance,Drake,Netherlands,North Brandon,11876.38,L*9YGHccsp,grantsamantha@gmail.com
Stephen,Solis,France,Stephaniemouth,14459.5,K)p8No8rN5,luis81@gmail.com
Edward,Reyes,Germany,Lake Jason,19448.87,M%nG6Krr&N,brobinson@johnson-rogers.biz
Jennifer,Pittman,Switzerland,New Amanda,1115.4,#&_M9GSviG,cookemichael@jones.com
Stefanie,Gonzalez,Belgium,New Elijahberg,16502.8,M6F1Sfg0B*,curtisbarton@burke.com
Michael,Patterson,Netherlands,Caseymouth,11335.72,KErM61PdX!,mariahmiller@yahoo.com
John,Marshall,Germany,Rogersfort,439.4,278PrTQg^I,jeffrey34@perkins.biz
Wendy,Pierce,Spain,Jacquelineview,15347.9,fdg4H2g8V%,michaelturner@hotmail.com
Amanda,Hill,Germany,New Kellyberg,17034.01,_MD1avNmH7,davidduran@carlson.biz
Shannon,Ramos,Germany,Torreston,7292.59,Y)&1Y+IgM#,ronaldstephens@hotmail.com
Edward,Baker,Austria,North Brian,12531.53,%KMAXsRKW9,suzannehuff@matthews.com
Barbara,Hines,Netherlands,South April,2834.41,4mxMIBFs*O,johnny16@bryan.info
Robert,Lopez,Netherlands,Cindyfort,3794.89,7buKd(YX_+,murraydavid@jimenez.com
William,Hill,Belgium,Bairdbury,13887.32,*Wh_Ejpmk8,wryan@arnold-daniels.info
Sarah,Kane,Germany,New Patrick,11987.19,N0GzkK+x&x,bowenrobert@hotmail.com
Tara,Jones,Italy,Matthewfurt,10449.87,p_B1iqKvYu,rebecca05@carter.biz
Dustin,Schmidt,Spain,East Gregory,2849.75,5)6M6T!vsc,dvaughn@yahoo.com
James,Cruz,Switzerland,Rodriguezfurt,5033.93,z9y5STcj$),danaoliver@hotmail.com
Karla,Saunders,Spain,Lake Colton,13534.59,KU0&Jh0z_x,linda71@gmail.com
Karen,Perez,France,Coffeyside,4195.49,^RLbbZmvm1,reidsteven@turner.com
Kevin,Vasquez,France,East Paigeberg,16003.44,&dR7LvanXv,xsampson@gmail.com
Tina,Richardson,Switzerland,Bruceview,4988.69,bZ1Okc)T^$,michele22@king.com
David,Howard,Spain,New Mario,18219.29,4QhNBP(e#$,bboone@rodriguez.com
Marc,Hernandez,Netherlands,West Claudia,3858.84,GW9)J8WkqS,gperry@yahoo.com
Ronald,Ortega,Austria,Stephaniefort,7610.45,@hF)CwcbI1,dale83@gmail.com
Diane,Walker,Austria,West Meganstad,2428.87,@o4mSh@un7,ashleymorales@figueroa.com
Julie,Lewis,Italy,Chavezburgh,4555.86,jU&^4XXkaN,russell49@rose-parker.com
Randall,Greene,Belgium,East Kevinborough,14813.78,#4J)R5JkEH,tberry@hotmail.com
Robert,Wilson,Switzerland,West Georgemouth,17905.37,o5VCHnDC+P,joelthomas@gmail.com
Glenn,Hernandez,Switzerland,East Stephaniefort,6920.93,*uTZYsY+^9,steven00@decker-jones.com
Christina,Hunter,Italy,Carpenterton,9945.29,BN+U*sDg*9,nathan46@schroeder-shelton.com
Kristina,Holland,Germany,West Codyfurt,14993.53,x4+&Xtva%),elizabethcalderon@hotmail.com
Wendy,Gaines,Germany,Lake Ellenhaven,2633.25,03wN4L^o^j,lmoore@wise.info
Bradley,Diaz,Italy,South Cheryl,15737.63,5x7H2crK+j,brett75@villa.com
Justin,Hines,Switzerland,Shannonhaven,11726.39,#6CIHhG&4B,ihorton@hotmail.com
Taylor,Gilbert,Switzerland,North Jonathanberg,7323.2,(9AQJkL(9n,ruben95@duncan.com
Alexandra,Ward,Austria,South Morganton,10346.84,h_65aLVi)E,carterbradley@gmail.com
Nina,Stewart,France,Zacharyside,13445.81,Z9*$a4ByHK,sandra84@gmail.com
Jessica,Miller,Germany,New Kelly,13475.06,@1f0KKvtXK,thomascathy@johnson-jones.com
Michael,Herring,Belgium,New Ericmouth,15256.27,^^F5Ox@yQt,igonzalez@gmail.com
Shannon,Roach,Netherlands,Osbornmouth,1786.82,_95Wed0c4y,tanner82@hotmail.com
Nicole,Jones,Switzerland,Keyfort,2742.23,6^YZLcnq(Z,kevinmartin@perez.com
Meghan,King,France,Davidport,19053.23,)8U0CsCu$q,bmontgomery@small-gardner.com
Timothy,Ballard,Belgium,Evansland,19423.71,I0DFpozD+i,adamsjohn@gmail.com
Brent,Dougherty,Italy,Wrightburgh,9907.47,^+zMXk&HL9,amitchell@gmail.com
Ryan,Khan,Germany,Kathrynstad,17345.63,T69GLBsY!),jameshicks@hotmail.com
Billy,Williams,Belgium,Lindahaven,16754.22,*uBHToVqP2,emily69@yahoo.com
Laura,Swanson,Spain,New Thomasshire,2633.21,)0YXo3Xbw(,avaughn@hampton.com
Janice,Stone,Italy,Whitneyfort,10557.27,MRS6Kclf(w,ybailey@hotmail.com
Joshua,Martinez,France,Huangfurt,11778.36,9^2J6N2Rvb,santiagoamanda@hall.info
Craig,Townsend,Austria,New Tiffanyburgh,-100.73,&x7Zt&Pufv,nancy04@morrison.info
Veronica,Daniels,Netherlands,Smallberg,17513.8,lCgZfIg9(7,lcaldwell@woods.com
Jose,Young,Belgium,Stephanieport,4408.77,a)%(9APsei,susanmendoza@adkins-obrien.biz
Jacqueline,Durham,Spain,Port John,17499.2,R)t1ns2o0Q,nolansean@gmail.com
Shawn,Palmer,Germany,Elliottside,1255.9,*mhU4DXav^,katiegood@stuart.info
Molly,Knox,Austria,Millerside,16228.48,zH)#n5DffJ,jacob10@barnes.com
John,Jones,Italy,South Carlaton,2132.03,54$0MomgBW,dturner@fry.biz
Angela,Williams,Austria,Shellyfurt,18910.4,IA5W54n_(%,markmiller@yahoo.com
Melanie,Davis,Italy,North Joseph,4933.66,q_i9TNqbwT,jherman@rowe-james.net
Deborah,Parker,Switzerland,Williamfort,19269.44,Mo1FZTx_7*,jerry93@pierce-harding.com
Jonathan,Underwood,Spain,Murraystad,14115.45,O#2X%#rvbi,robinsonstephen@williamson.org
Roberta,Hopkins,Switzerland,North Amandachester,19900.56,8y@Qxlt*!0,laura15@yahoo.com
Stephen,Sanchez,Netherlands,West Gabriella,8481.05,m0%C0OKk@p,enelson@frost.com
Harry,Jefferson,Austria,East Brendafurt,1980.59,@4GsCFszfP,petersonkayla@sanders.com
Kristen,Hayes,Spain,West Angela,812.53,&6j96FvGk+,rward@gmail.com
David,Lopez,France,Hawkinshaven,11560.33,E&AcG9G&&1,dominicturner@yahoo.com
Dustin,Jackson,Spain,Robertfort,11563.02,fOXL_5IhG@,malik37@thompson-sanders.com
Kelly,Neal,France,Faulknerbury,955.36,H^TV6cIzMe,cynthiaallen@hotmail.com
Eric,Henderson,France,Jonesfort,4193.31,uq6RxqmVt),vrasmussen@rodriguez-garcia.com
William,Stone,France,South Neil,17122.53,+zN9uWnq*D,kimheather@yahoo.com
Carlos,Williams,Germany,North Melindaville,10040.2,QSC2MlXha_,bushjamie@hotmail.com
Lindsey,Brown,Belgium,Port Monicaburgh,13214.04,(o5xGGH(E^,david41@brooks.net
Paul,Carlson,Spain,Hendersonfort,10554.3,u0081oWu_N,cperry@yahoo.com
Gary,Cunningham,Austria,West Antonio,4481.44,$TjJPU7f8S,fitzgeralddesiree@gmail.com
Kenneth,Kidd,Austria,Bakerland,16053.69,*lVDeY0_z1,mariopadilla@yahoo.com
Ashley,Farley,Spain,East Sydneychester,1433.68,d4_B6oUe!Y,shawn75@hotmail.com
Aaron,Schroeder,Switzerland,Lake Teresastad,6763.1,@8MB8S)gks,bsmith@gmail.com
Wendy,Blankenship,Switzerland,Erikview,9074.01,F@5HAd5ceI,ssmith@montoya-mcneil.biz
Heather,Woods,France,South Christopher,13303.97,r_@1)K_l!a,fheath@gmail.com
Donald,Martinez,Germany,Bellchester,742.56,Z6WH9vio^2,bowerslaura@gmail.com
Troy,Rodriguez,Netherlands,Littleland,15912.15,(pU0Likj@%,zhenderson@gmail.com
Danielle,Medina,Germany,West Christopher,4597.45,+@V8aZGzw5,elizabeth21@zimmerman.com
Frank,Benton,Spain,Garyberg,10493.86,j#48%XUdL+,kerri91@yang.com
Michele,Smith,Italy,South Michaelberg,8148.57,#gRzIf8^0P,djones@ayala-collins.com
Angela,Smith,Belgium,West Anne,8983.88,9xzjgHo+%@,harristonya@yahoo.com
